"test","min","max","mean","Std"
"client",110.158,1905.383,523.3518,312.44814023030085
"cloud",60882.883,460971.034,69172.39479,55506.207972962584
"enclave",48682.067,49370.333,48924.448,113.86453348642313
