"test","min","max","mean","Std"
"client",106.263,1684.802,561.70988,333.172552202029
"cloud",63524.472,71832.172,66248.05813,1783.4628957458224
"enclave",49660.413,57238.536,51887.97629,1605.2082343034133
