"test","min","max","mean","Std"
"client",16.454,32.074,17.68812,1.531509147306286
"cloud",37.983,74.647,41.14568,4.661691247874
"enclave",1.526,1.597,1.54708,0.012681554249452963
