"test","min","max","mean","Std"
"client",0.869,1.868,1.13353,0.18363272826184576
"cloud",17.874,39.347,19.75323,2.9639846332532858
