"test","min","max","mean","Std"
"client",32.867,56.467,36.29485,3.4397407859084996
"cloud",51.611,78.586,53.81889,3.6395983930270734
"enclave",29.878,31.228,30.08364,0.15338447895350565
